<?xml version="1.0" encoding="UTF-8"?>
<config xmlns="http://www.knime.org/2008/09/XMLConfig" xmlns:xsi="http://www.w3.org/2001/XMLSchema-instance" xsi:schemaLocation="http://www.knime.org/2008/09/XMLConfig http://www.knime.org/XMLConfig_2008_09.xsd" key="MiningSchema">
    <config key="learning">
        <entry key="array-size" type="xint" value="28"/>
        <entry key="0" type="xstring" value="times"/>
        <entry key="1" type="xstring" value="patient.vital_status"/>
        <entry key="2" type="xstring" value="patient.gender"/>
        <entry key="3" type="xstring" value="patient.race"/>
        <entry key="4" type="xstring" value="patient.ethnicity"/>
        <entry key="5" type="xstring" value="patient.drugs.drug.therapy_types.therapy_type"/>
        <entry key="6" type="xstring" value="patient.stage_event.pathologic_stage"/>
        <entry key="7" type="xstring" value="patient.stage_event.tnm_categories.pathologic_categories.pathologic_t"/>
        <entry key="8" type="xstring" value="patient.stage_event.tnm_categories.pathologic_categories.pathologic_m"/>
        <entry key="9" type="xstring" value="male_patient.gender"/>
        <entry key="10" type="xstring" value="NA_patient.race"/>
        <entry key="11" type="xstring" value="white_patient.race"/>
        <entry key="12" type="xstring" value="asian_patient.race"/>
        <entry key="13" type="xstring" value="black or african american_patient.race"/>
        <entry key="14" type="xstring" value="NA_patient.ethnicity"/>
        <entry key="15" type="xstring" value="not hispanic or latino_patient.ethnicity"/>
        <entry key="16" type="xstring" value="NA_patient.drugs.drug.therapy_types.therapy_type"/>
        <entry key="17" type="xstring" value="hormone therapy_patient.drugs.drug.therapy_types.therapy_type"/>
        <entry key="18" type="xstring" value="chemotherapy_patient.drugs.drug.therapy_types.therapy_type"/>
        <entry key="19" type="xstring" value="NA_patient.stage_event.pathologic_stage"/>
        <entry key="20" type="xstring" value="t2b_patient.stage_event.tnm_categories.pathologic_categories.pathologic_t"/>
        <entry key="21" type="xstring" value="t3a_patient.stage_event.tnm_categories.pathologic_categories.pathologic_t"/>
        <entry key="22" type="xstring" value="t4_patient.stage_event.tnm_categories.pathologic_categories.pathologic_t"/>
        <entry key="23" type="xstring" value="t3b_patient.stage_event.tnm_categories.pathologic_categories.pathologic_t"/>
        <entry key="24" type="xstring" value="t2c_patient.stage_event.tnm_categories.pathologic_categories.pathologic_t"/>
        <entry key="25" type="xstring" value="NA_patient.stage_event.tnm_categories.pathologic_categories.pathologic_t"/>
        <entry key="26" type="xstring" value="t2a_patient.stage_event.tnm_categories.pathologic_categories.pathologic_t"/>
        <entry key="27" type="xstring" value="NA_patient.stage_event.tnm_categories.pathologic_categories.pathologic_m"/>
    </config>
    <config key="target">
        <entry key="array-size" type="xint" value="1"/>
        <entry key="0" type="xstring" value="patient.days_to_birth"/>
    </config>
</config>
