<?xml version="1.0" encoding="UTF-8"?>
<config xmlns="http://www.knime.org/2008/09/XMLConfig" xmlns:xsi="http://www.w3.org/2001/XMLSchema-instance" xsi:schemaLocation="http://www.knime.org/2008/09/XMLConfig http://www.knime.org/XMLConfig_2008_09.xsd" key="model.xml">
    <entry key="version" type="xint" value="1"/>
    <entry key="class_name" type="xstring" value="org.knime.base.data.normalize.NormalizerPortObject"/>
    <config key="model">
        <config key="columns">
            <config key="times">
                <entry key="column_name" type="xstring" value="times"/>
                <entry key="column_scale" type="xdouble" value="2.1724961981316532E-4"/>
                <entry key="column_translate" type="xdouble" value="-2.1724961981316532E-4"/>
                <entry key="column_min" type="xdouble" value="0.0"/>
                <entry key="column_max" type="xdouble" value="1.0"/>
            </config>
            <config key="patient.vital_status">
                <entry key="column_name" type="xstring" value="patient.vital_status"/>
                <entry key="column_scale" type="xdouble" value="1.0"/>
                <entry key="column_translate" type="xdouble" value="0.0"/>
                <entry key="column_min" type="xdouble" value="0.0"/>
                <entry key="column_max" type="xdouble" value="1.0"/>
            </config>
            <config key="patient.days_to_birth">
                <entry key="column_name" type="xstring" value="patient.days_to_birth"/>
                <entry key="column_scale" type="xdouble" value="7.467702188036741E-5"/>
                <entry key="column_translate" type="xdouble" value="2.144798745426032"/>
                <entry key="column_min" type="xdouble" value="0.0"/>
                <entry key="column_max" type="xdouble" value="1.0"/>
            </config>
            <config key="male_patient.gender">
                <entry key="column_name" type="xstring" value="male_patient.gender"/>
                <entry key="column_scale" type="xdouble" value="1.0"/>
                <entry key="column_translate" type="xdouble" value="-1.0"/>
                <entry key="column_min" type="xdouble" value="0.0"/>
                <entry key="column_max" type="xdouble" value="1.0"/>
            </config>
            <config key="NA_patient.race">
                <entry key="column_name" type="xstring" value="NA_patient.race"/>
                <entry key="column_scale" type="xdouble" value="1.0"/>
                <entry key="column_translate" type="xdouble" value="0.0"/>
                <entry key="column_min" type="xdouble" value="0.0"/>
                <entry key="column_max" type="xdouble" value="1.0"/>
            </config>
            <config key="white_patient.race">
                <entry key="column_name" type="xstring" value="white_patient.race"/>
                <entry key="column_scale" type="xdouble" value="1.0"/>
                <entry key="column_translate" type="xdouble" value="0.0"/>
                <entry key="column_min" type="xdouble" value="0.0"/>
                <entry key="column_max" type="xdouble" value="1.0"/>
            </config>
            <config key="asian_patient.race">
                <entry key="column_name" type="xstring" value="asian_patient.race"/>
                <entry key="column_scale" type="xdouble" value="1.0"/>
                <entry key="column_translate" type="xdouble" value="0.0"/>
                <entry key="column_min" type="xdouble" value="0.0"/>
                <entry key="column_max" type="xdouble" value="1.0"/>
            </config>
            <config key="black or african american_patient.race">
                <entry key="column_name" type="xstring" value="black or african american_patient.race"/>
                <entry key="column_scale" type="xdouble" value="1.0"/>
                <entry key="column_translate" type="xdouble" value="0.0"/>
                <entry key="column_min" type="xdouble" value="0.0"/>
                <entry key="column_max" type="xdouble" value="1.0"/>
            </config>
            <config key="NA_patient.ethnicity">
                <entry key="column_name" type="xstring" value="NA_patient.ethnicity"/>
                <entry key="column_scale" type="xdouble" value="1.0"/>
                <entry key="column_translate" type="xdouble" value="0.0"/>
                <entry key="column_min" type="xdouble" value="0.0"/>
                <entry key="column_max" type="xdouble" value="1.0"/>
            </config>
            <config key="not hispanic or latino_patient.ethnicity">
                <entry key="column_name" type="xstring" value="not hispanic or latino_patient.ethnicity"/>
                <entry key="column_scale" type="xdouble" value="1.0"/>
                <entry key="column_translate" type="xdouble" value="0.0"/>
                <entry key="column_min" type="xdouble" value="0.0"/>
                <entry key="column_max" type="xdouble" value="1.0"/>
            </config>
            <config key="NA_patient.drugs.drug.therapy_types.therapy_type">
                <entry key="column_name" type="xstring" value="NA_patient.drugs.drug.therapy_types.therapy_type"/>
                <entry key="column_scale" type="xdouble" value="1.0"/>
                <entry key="column_translate" type="xdouble" value="0.0"/>
                <entry key="column_min" type="xdouble" value="0.0"/>
                <entry key="column_max" type="xdouble" value="1.0"/>
            </config>
            <config key="hormone therapy_patient.drugs.drug.therapy_types.therapy_type">
                <entry key="column_name" type="xstring" value="hormone therapy_patient.drugs.drug.therapy_types.therapy_type"/>
                <entry key="column_scale" type="xdouble" value="1.0"/>
                <entry key="column_translate" type="xdouble" value="0.0"/>
                <entry key="column_min" type="xdouble" value="0.0"/>
                <entry key="column_max" type="xdouble" value="1.0"/>
            </config>
            <config key="chemotherapy_patient.drugs.drug.therapy_types.therapy_type">
                <entry key="column_name" type="xstring" value="chemotherapy_patient.drugs.drug.therapy_types.therapy_type"/>
                <entry key="column_scale" type="xdouble" value="1.0"/>
                <entry key="column_translate" type="xdouble" value="0.0"/>
                <entry key="column_min" type="xdouble" value="0.0"/>
                <entry key="column_max" type="xdouble" value="1.0"/>
            </config>
            <config key="NA_patient.stage_event.pathologic_stage">
                <entry key="column_name" type="xstring" value="NA_patient.stage_event.pathologic_stage"/>
                <entry key="column_scale" type="xdouble" value="1.0"/>
                <entry key="column_translate" type="xdouble" value="-1.0"/>
                <entry key="column_min" type="xdouble" value="0.0"/>
                <entry key="column_max" type="xdouble" value="1.0"/>
            </config>
            <config key="t2b_patient.stage_event.tnm_categories.pathologic_categories.pathologic_t">
                <entry key="column_name" type="xstring" value="t2b_patient.stage_event.tnm_categories.pathologic_categories.pathologic_t"/>
                <entry key="column_scale" type="xdouble" value="1.0"/>
                <entry key="column_translate" type="xdouble" value="0.0"/>
                <entry key="column_min" type="xdouble" value="0.0"/>
                <entry key="column_max" type="xdouble" value="1.0"/>
            </config>
            <config key="t3a_patient.stage_event.tnm_categories.pathologic_categories.pathologic_t">
                <entry key="column_name" type="xstring" value="t3a_patient.stage_event.tnm_categories.pathologic_categories.pathologic_t"/>
                <entry key="column_scale" type="xdouble" value="1.0"/>
                <entry key="column_translate" type="xdouble" value="0.0"/>
                <entry key="column_min" type="xdouble" value="0.0"/>
                <entry key="column_max" type="xdouble" value="1.0"/>
            </config>
            <config key="t4_patient.stage_event.tnm_categories.pathologic_categories.pathologic_t">
                <entry key="column_name" type="xstring" value="t4_patient.stage_event.tnm_categories.pathologic_categories.pathologic_t"/>
                <entry key="column_scale" type="xdouble" value="1.0"/>
                <entry key="column_translate" type="xdouble" value="0.0"/>
                <entry key="column_min" type="xdouble" value="0.0"/>
                <entry key="column_max" type="xdouble" value="1.0"/>
            </config>
            <config key="t3b_patient.stage_event.tnm_categories.pathologic_categories.pathologic_t">
                <entry key="column_name" type="xstring" value="t3b_patient.stage_event.tnm_categories.pathologic_categories.pathologic_t"/>
                <entry key="column_scale" type="xdouble" value="1.0"/>
                <entry key="column_translate" type="xdouble" value="0.0"/>
                <entry key="column_min" type="xdouble" value="0.0"/>
                <entry key="column_max" type="xdouble" value="1.0"/>
            </config>
            <config key="t2c_patient.stage_event.tnm_categories.pathologic_categories.pathologic_t">
                <entry key="column_name" type="xstring" value="t2c_patient.stage_event.tnm_categories.pathologic_categories.pathologic_t"/>
                <entry key="column_scale" type="xdouble" value="1.0"/>
                <entry key="column_translate" type="xdouble" value="0.0"/>
                <entry key="column_min" type="xdouble" value="0.0"/>
                <entry key="column_max" type="xdouble" value="1.0"/>
            </config>
            <config key="NA_patient.stage_event.tnm_categories.pathologic_categories.pathologic_t">
                <entry key="column_name" type="xstring" value="NA_patient.stage_event.tnm_categories.pathologic_categories.pathologic_t"/>
                <entry key="column_scale" type="xdouble" value="1.0"/>
                <entry key="column_translate" type="xdouble" value="0.0"/>
                <entry key="column_min" type="xdouble" value="0.0"/>
                <entry key="column_max" type="xdouble" value="1.0"/>
            </config>
            <config key="t2a_patient.stage_event.tnm_categories.pathologic_categories.pathologic_t">
                <entry key="column_name" type="xstring" value="t2a_patient.stage_event.tnm_categories.pathologic_categories.pathologic_t"/>
                <entry key="column_scale" type="xdouble" value="1.0"/>
                <entry key="column_translate" type="xdouble" value="0.0"/>
                <entry key="column_min" type="xdouble" value="0.0"/>
                <entry key="column_max" type="xdouble" value="1.0"/>
            </config>
            <config key="NA_patient.stage_event.tnm_categories.pathologic_categories.pathologic_m">
                <entry key="column_name" type="xstring" value="NA_patient.stage_event.tnm_categories.pathologic_categories.pathologic_m"/>
                <entry key="column_scale" type="xdouble" value="1.0"/>
                <entry key="column_translate" type="xdouble" value="-1.0"/>
                <entry key="column_min" type="xdouble" value="0.0"/>
                <entry key="column_max" type="xdouble" value="1.0"/>
            </config>
        </config>
        <entry key="summary" type="xstring" value="Min/Max (0.0, 1) normalization on 22 column(s)"/>
    </config>
</config>
